{
  "test": "candidate_compare",
  "csv": "tests/fixtures/aaf/candidate_legacy.csv",
  "canonical": "reports/integration/candidate_from_aaf.canonical.json",
  "summary": {
    "name": "BLINK_WORLD_WW2D EP1 SEQ TEST.Exported.01",
    "rate": 25,
    "start": "10:04:17:09"
  },
  "results": {
    "name": {
      "ok": true,
      "canonical": "BLINK_WORLD_WW2D EP1 SEQ TEST.Exported.01",
      "csv": "BLINK_WORLD_WW2D EP1 SEQ TEST.Exported.01"
    },
    "rate": {
      "ok": true,
      "canonical": 25,
      "csv": 25
    },
    "start": {
      "ok": true,
      "canonical": "10:04:17:09",
      "csv": "10:04:17:09"
    },
    "event_count": {
      "ok": false,
      "canonical": 36,
      "csv": 72
    }
  },
  "ok": false
}