{
  "generated_utc": "2025-09-01T17:01:49Z",
  "totals": {
    "tests": 8,
    "ok": 7,
    "fail": 1
  },
  "reports": [
    {
      "file": "reports/integration/candidate_compare.report.json",
      "test": "candidate_compare",
      "ok": false,
      "version": null,
      "root_ok": null,
      "has_library": null,
      "has_event": null,
      "has_project": null,
      "has_sequence": null,
      "has_spine": null,
      "counts": {}
    },
    {
      "file": "reports/integration/candidate_from_aaf.report.json",
      "test": "fcpxml_shape_report",
      "ok": true,
      "version": "1.13",
      "root_ok": true,
      "has_library": true,
      "has_event": true,
      "has_project": true,
      "has_sequence": true,
      "has_spine": true,
      "counts": {
        "events": 1,
        "projects": 1,
        "spines": 1,
        "items_in_spine": 0
      }
    },
    {
      "file": "reports/integration/invalid_event_id_alpha.report.json",
      "test": "fcpxml_shape_report",
      "ok": true,
      "version": "1.13",
      "root_ok": true,
      "has_library": true,
      "has_event": true,
      "has_project": true,
      "has_sequence": true,
      "has_spine": true,
      "counts": {
        "events": 1,
        "projects": 1,
        "spines": 1,
        "items_in_spine": 1
      }
    },
    {
      "file": "reports/integration/invalid_event_id_short.report.json",
      "test": "fcpxml_shape_report",
      "ok": true,
      "version": "1.13",
      "root_ok": true,
      "has_library": true,
      "has_event": true,
      "has_project": true,
      "has_sequence": true,
      "has_spine": true,
      "counts": {
        "events": 1,
        "projects": 1,
        "spines": 1,
        "items_in_spine": 1
      }
    },
    {
      "file": "reports/integration/invalid_missing_keys.report.json",
      "test": "fcpxml_shape_report",
      "ok": true,
      "version": "1.13",
      "root_ok": true,
      "has_library": true,
      "has_event": true,
      "has_project": true,
      "has_sequence": true,
      "has_spine": true,
      "counts": {
        "events": 1,
        "projects": 1,
        "spines": 1,
        "items_in_spine": 1
      }
    },
    {
      "file": "reports/integration/minimal_pipeline.report.json",
      "test": "fcpxml_shape_report",
      "ok": true,
      "version": "1.13",
      "root_ok": true,
      "has_library": true,
      "has_event": true,
      "has_project": true,
      "has_sequence": true,
      "has_spine": true,
      "counts": {
        "events": 1,
        "projects": 1,
        "spines": 1,
        "items_in_spine": 0
      }
    },
    {
      "file": "reports/integration/minimal_valid.report.json",
      "test": "fcpxml_shape_report",
      "ok": true,
      "version": "1.13",
      "root_ok": true,
      "has_library": true,
      "has_event": true,
      "has_project": true,
      "has_sequence": true,
      "has_spine": true,
      "counts": {
        "events": 1,
        "projects": 1,
        "spines": 1,
        "items_in_spine": 1
      }
    },
    {
      "file": "reports/integration/test_fcpxml_shape_report.report.json",
      "test": "test_fcpxml_shape_report",
      "ok": true,
      "version": "1.13",
      "root_ok": true,
      "has_library": true,
      "has_event": true,
      "has_project": true,
      "has_sequence": true,
      "has_spine": true,
      "counts": {
        "events": 1,
        "projects": 1,
        "spines": 1,
        "items_in_spine": 1
      }
    }
  ]
}